Epoch,Generator_Loss,Discriminator_Loss,Discriminator_Accuracy
1,0.8064083,1.0595864,0.722031
2,1.4427191,0.88924634,0.9242152
3,1.4366807,0.80369055,0.90664893
4,2.2672935,0.8550137,0.8762386
5,4.0884705,1.0519052,0.8095703
6,1.6511226,0.9123235,0.83614
7,1.461921,1.1018716,0.78967583
8,2.4688897,0.88396144,0.82785106
9,1.6026288,0.87323976,0.86299545
10,1.3317578,1.0074085,0.81269056
11,1.9797897,1.0359956,0.76312405
12,2.7150216,0.9808663,0.79867923
13,2.1879025,0.77616215,0.87144506
14,1.3970164,1.0258218,0.7790111
15,1.4312837,1.1059599,0.7536978
16,1.3546658,1.0361713,0.7890089
17,1.5384841,1.1076016,0.7571277
18,1.2379375,1.0352072,0.7965773
19,1.5435305,1.0859747,0.7361495
20,1.8743908,0.8800412,0.8368724
21,2.6724195,0.81888735,0.8559451
22,2.227823,0.7827096,0.8649783
23,1.1866511,1.0230246,0.81693023
24,2.355792,0.84209156,0.8571718
25,1.7584376,0.97980595,0.81563216
26,1.4233768,0.9481122,0.83450836
27,1.8402619,0.9248716,0.8461378
28,2.0911374,0.9378916,0.8274878
29,1.6079776,0.8344105,0.8758872
30,1.6514201,0.8435234,0.88209796
31,2.2620585,0.81070083,0.863442
32,1.9440349,0.9371188,0.8152034
33,1.4448706,0.9740056,0.8241592
34,1.463409,1.1062014,0.79352254
35,1.5664897,1.0458283,0.7788265
36,1.3585005,0.9895299,0.82008624
37,1.5888894,1.1269168,0.7707996
38,1.5062808,0.96690637,0.8324302
39,1.2697966,0.98234546,0.83174545
40,1.9010298,1.0542063,0.7879073
41,1.4680656,1.0453767,0.8203304
42,1.3887184,0.9349255,0.859238
43,1.5514299,0.97744113,0.82232517
44,1.412139,1.0403961,0.79089653
45,1.5816579,0.9340307,0.836658
46,1.3751404,0.9666676,0.84072506
47,1.5091931,0.9804721,0.80065024
48,1.3387789,1.0101281,0.8175853
49,1.4616928,1.0013796,0.80792683
50,1.2714251,1.1225888,0.76421374
51,1.4189714,1.0363054,0.79944146
52,1.4902582,1.0146719,0.81486994
53,1.2809091,1.0316089,0.8021746
54,1.2809892,1.0394717,0.7864901
55,1.2077419,1.0664338,0.7829173
56,1.2582619,1.14883,0.72133434
57,1.1803646,1.1367605,0.74721324
58,1.2734736,1.1200292,0.74442047
59,1.1100076,1.1301451,0.73625666
60,1.2349102,1.0912989,0.7775462
61,1.1445951,1.1283387,0.7585092
62,1.1861846,1.1524813,0.7289503
63,1.2314404,1.2130172,0.7420684
64,1.0199122,1.1956533,0.73099273
65,1.1470019,1.094365,0.77168685
66,1.0269694,1.1322957,0.7802973
67,1.0773938,1.2150375,0.7041135
68,1.1753919,1.2237788,0.6978194
69,1.0858192,1.2343023,0.7047625
70,1.0980268,1.1353139,0.7589201
71,1.0694687,1.171078,0.74275917
72,1.0688733,1.1969459,0.7211378
73,1.0822924,1.151321,0.76663727
74,1.0240693,1.2014246,0.73038536
75,1.1439284,1.1906806,0.7169576
76,1.0642818,1.1197953,0.77789754
77,1.0934732,1.2633277,0.68196815
78,1.1836029,1.1312773,0.7582591
79,1.0521963,1.1927842,0.706275
80,1.0433935,1.2023493,0.70781726
81,1.0421942,1.249012,0.6743819
82,1.0196415,1.1776745,0.72543705
83,1.0892979,1.2337769,0.6845346
84,1.031213,1.2514132,0.6818431
85,1.0816989,1.1354724,0.7739913
86,1.0661595,1.2033591,0.6928354
87,1.0288768,1.1474209,0.772848
88,1.309193,1.3247942,0.6657179
89,1.057752,1.2194791,0.73137385
90,1.0777661,1.1574755,0.7376441
91,1.192756,1.0537,0.7881693
92,1.0162334,1.2747865,0.67818695
93,1.079504,1.1646278,0.73590535
94,1.0439919,1.2727566,0.6681414
95,1.1261107,1.1634954,0.74202675
96,1.136271,1.2372845,0.6789908
97,1.0338863,1.1615249,0.740282
98,1.1613816,1.2239332,0.6787169
99,1.4018061,1.184531,0.7525069
100,1.2540557,1.031871,0.8207472
101,1.2656686,1.0899082,0.74664754
102,1.1877869,1.2046947,0.72687215
103,1.1446121,1.1632619,0.7441049
104,1.1674788,1.1918942,0.7344881
105,1.1373045,1.2008716,0.7495177
106,1.0372981,1.2001795,0.7249369
107,1.0746462,1.1945649,0.69878405
108,1.0493093,1.2723064,0.69805163
109,1.2329239,1.232342,0.7094191
110,1.0979532,1.117615,0.7684237
111,1.0740011,1.3148419,0.67255384
112,1.1360993,1.1200112,0.7958568
113,1.0641137,1.1328562,0.7606886
114,1.1029068,1.22816,0.68637455
115,0.9561792,1.2840661,0.65938216
116,1.1498226,1.1698772,0.73465484
117,1.0964853,1.1496756,0.73239803
118,1.0450978,1.2028472,0.72046494
119,1.0022138,1.2602348,0.6809916
120,1.1431264,1.1864431,0.7355421
121,1.2843729,1.3106487,0.7076029
122,1.0371505,1.256276,0.696033
123,1.0916834,1.2239054,0.7030238
124,1.0724335,1.2006121,0.71111614
125,1.089558,1.2097878,0.73758453
126,1.1187348,1.133856,0.76558334
127,1.158626,1.1644145,0.7398295
128,1.1015482,1.2659069,0.67896104
129,1.0825089,1.2698796,0.6933058
130,1.1018807,1.1429951,0.73976994
131,1.0865252,1.1630697,0.722162
132,0.9559352,1.2598069,0.67966366
133,1.0537517,1.2700846,0.67492974
134,1.1267691,1.1795688,0.7281881
135,1.0706528,1.2270515,0.6924543
136,1.065948,1.2063873,0.71577865
137,1.0411437,1.217799,0.70328575
138,1.1336132,1.2899125,0.66542614
139,1.1190593,1.19839,0.7319217
140,1.0219882,1.2437127,0.6846537
141,1.0196955,1.311592,0.68243855
142,1.073321,1.1793724,0.7389601
143,1.0537349,1.2489307,0.6629728
144,1.0294368,1.2214727,0.71077675
145,1.0060513,1.2749523,0.6834151
146,1.085262,1.2343323,0.712974
147,1.0537777,1.2777115,0.6990461
148,1.06611,1.2648864,0.68632096
149,1.0867208,1.173736,0.72391266
150,1.0864209,1.2632629,0.6785323
151,1.0352857,1.3058536,0.6870296
152,1.0408279,1.209153,0.7266756
153,1.0770895,1.2193849,0.7061381
154,1.0455964,1.2069371,0.7028868
155,1.0199558,1.23107,0.69437164
156,1.044183,1.1776723,0.7363043
157,1.0952351,1.2203311,0.699713
158,1.1378524,1.2719638,0.7073588
159,0.9980032,1.3066661,0.6644019
160,0.95557874,1.2589586,0.6896258
161,0.989559,1.2496339,0.67365545
162,1.0894339,1.2364141,0.67320883
163,1.0646877,1.1718367,0.72965294
164,1.0355371,1.1866885,0.72336483
165,1.0305586,1.274677,0.6795565
166,1.0612411,1.2357609,0.7137957
167,1.3327266,1.4162021,0.6791635
168,1.0870731,1.2003335,0.7165587
169,0.9948394,1.1825343,0.739889
170,1.055311,1.2103374,0.6942347
171,1.080626,1.1724777,0.7299745
172,1.0519754,1.2097954,0.7027975
173,1.0755436,1.2667402,0.6757574
174,1.198628,1.2632469,0.6816466
175,1.2377303,1.3354533,0.6841059
176,1.1547549,1.246241,0.71181285
177,1.019631,1.2448764,0.7098002
178,0.98479545,1.2154673,0.7135992
179,1.0335677,1.2312688,0.7051615
180,1.0177803,1.2266172,0.7020353
181,1.0467359,1.1365376,0.7718297
182,1.0253322,1.2786274,0.6664503
183,1.0370699,1.2236183,0.717047
184,1.0219569,1.2010636,0.71246785
185,1.0986646,1.1785997,0.7376322
186,1.1216828,1.2565308,0.6875834
187,1.0045146,1.2251947,0.69963557
188,1.0718092,1.2535931,0.6894293
189,1.2207971,1.2730559,0.6927222
190,1.1968873,1.3363086,0.6832186
191,1.0672452,1.1700683,0.72946835
192,0.9758077,1.2549967,0.682516
193,1.0088195,1.2550727,0.67934215
194,1.0648378,1.2084179,0.7237638
195,1.0623103,1.2555183,0.667016
196,0.9927066,1.2190206,0.7068228
197,1.0878084,1.1762531,0.7532572
198,1.0222332,1.1947278,0.73522055
199,1.0860598,1.1830169,0.72637194
200,1.1235534,1.214134,0.70537585
201,1.1340901,1.3058623,0.6735304
202,1.1978569,1.113436,0.78069025
203,1.0712091,1.2754031,0.67018986
204,1.0571419,1.2312043,0.70035607
205,1.0356683,1.197502,0.7179759
206,1.0994933,1.1527199,0.73627454
207,1.1200807,1.2528669,0.6991056
208,1.1593926,1.2247659,0.70499474
209,1.197053,1.1953797,0.69702744
210,1.0175939,1.2262957,0.70552474
211,1.1124817,1.2437661,0.696432
212,1.073968,1.2404042,0.6821646
213,1.0661314,1.1549131,0.75699073
214,1.0769095,1.1649659,0.74202675
215,1.1081516,1.2304624,0.6979266
216,1.0936165,1.2489386,0.6839689
217,1.0047078,1.2443913,0.6957293
218,1.2026098,1.202473,0.704828
219,1.0389593,1.2293026,0.726235
220,1.1016369,1.1385221,0.74002594
221,1.1340473,1.1574451,0.7403296
222,1.2797749,1.175448,0.7322194
223,1.093969,1.2089599,0.743307
224,1.3059404,1.1954732,0.7179521
225,1.1460174,1.2783943,0.6877025
226,1.0987557,1.1118958,0.7780047
227,1.1641309,1.3050276,0.6542909
228,1.3881199,1.0755461,0.79402274
229,1.0787266,1.2270762,0.7214594
230,1.054372,1.1398671,0.76631576
231,1.1082398,1.1286241,0.7521437
232,1.1103868,1.2532967,0.7061559
233,1.2693602,1.1186527,0.75171494
234,1.1573616,1.277388,0.7073111
235,1.1786453,1.1758851,0.7333925
236,1.0343883,1.1431177,0.75774103
237,1.3112655,1.1674885,0.7762957
238,1.2219088,1.2483149,0.69374645
239,1.4828556,1.3100833,0.7174757
240,1.2225676,1.2741829,0.69965345
241,1.0511596,1.2886442,0.67462605
242,1.1301433,1.1999054,0.7400736
243,1.1758863,1.125503,0.7458675
244,1.1333461,1.1299804,0.7752775
245,1.1261401,1.1782064,0.70972276
246,1.1225729,1.2042152,0.71936333
247,1.0879923,1.1944396,0.7397818
248,1.1053255,1.1816926,0.73801327
249,1.058439,1.2329255,0.70755523
250,1.3470742,1.2473752,0.71197957
251,1.1216292,1.2251586,0.7151713
252,1.0237769,1.2172008,0.7215785
253,1.0720506,1.1884801,0.73212415
254,1.1038604,1.1623886,0.73592323
255,1.1314241,1.1830455,0.7217631
256,1.115726,1.1047665,0.7828875
257,1.1824533,1.1851194,0.7381383
258,1.0524145,1.2193369,0.7148199
259,1.1518273,1.1966298,0.7267352
260,1.256185,1.0855447,0.77016246
261,1.1310471,1.3295213,0.6910132
262,1.2998325,1.1733713,0.7254549
263,1.0713236,1.2584187,0.688286
264,1.0680039,1.1979744,0.7319693
265,1.2338567,1.2045412,0.75049424
266,1.1357425,1.1671591,0.7432772
267,1.2781048,1.2555995,0.7008622
268,1.0883274,1.1771759,0.726628
269,1.1580274,1.1137127,0.77062094
270,1.1093802,1.1340461,0.7562762
271,1.1989366,1.1080649,0.7876215
272,1.1460507,1.2116044,0.7170053
273,1.2621435,1.2054667,0.7413062
274,1.2088629,1.1996648,0.7372035
275,1.115609,1.1644243,0.75315
276,1.1804492,1.1868058,0.72675306
277,1.3204678,1.0897505,0.7890506
278,1.3569508,1.1527686,0.7651427
279,1.075724,1.2190516,0.7054235
280,1.1337624,1.1175854,0.75575817
281,1.1230501,1.0702038,0.7903011
282,1.1862622,1.1619749,0.7340177
283,1.4817926,1.1621296,0.7740389
284,1.5362731,1.1555425,0.75141126
285,1.1865836,1.1455163,0.75124454
286,1.3904799,1.1012957,0.7496725
287,1.5253379,0.99603456,0.78657943
288,1.1942436,1.0610753,0.792409
289,1.1856916,1.0859818,0.7763136
290,1.6893432,1.128947,0.78887194
291,1.2386607,1.1721249,0.7269019
292,1.2971963,1.078111,0.77446765
293,1.2036431,1.1084617,0.74078816
294,1.1437515,1.0696408,0.80464584
295,1.2169074,1.0883341,0.76044446
296,1.1830841,1.058256,0.80263317
297,1.4308218,1.2531363,0.69354993
298,1.201897,1.205751,0.7331722
299,1.2164273,1.167209,0.7480826
300,1.2259493,1.071868,0.78711534
301,1.256609,1.1138104,0.7517924
302,1.1821771,1.0921751,0.777046
303,1.215906,1.1575371,0.7561095
304,1.2536867,1.132251,0.75293565
305,1.1417922,1.2157938,0.71413517
306,1.421068,1.3029523,0.7029225
307,1.215418,1.2109349,0.7140875
308,1.1952131,1.2257133,0.70519125
309,1.1750046,1.1966685,0.70448864
310,1.0988675,1.2276871,0.7167433
311,1.2983688,1.1323873,0.72431165
312,1.0378672,1.124146,0.7641185
313,1.2026579,1.0685685,0.78107136
314,1.1562705,1.1159519,0.75990856
315,1.3246899,1.1920841,0.7334044
316,1.2152345,1.2192264,0.7170172
317,1.130235,1.0898237,0.7808272
318,1.2153258,1.0953925,0.76903105
319,1.2035807,1.1303949,0.74406916
320,1.2911708,1.1817114,0.7467726
321,1.1504129,1.0924417,0.77756405
322,1.2692136,1.0708416,0.763922
323,1.244383,1.0842559,0.7719191
324,1.179278,1.1136401,0.76717323
325,1.3342801,1.1799506,0.7367628
326,1.1081363,1.1122704,0.75885457
327,1.2676997,1.2258135,0.7040182
328,1.2980516,1.1105361,0.7443133
329,1.104922,1.1516556,0.73316026
330,1.2458395,1.2217257,0.7245677
331,1.1141647,1.1241119,0.7556688
332,1.1847999,1.1294266,0.7479635
333,1.1643107,1.1844461,0.7113424
334,1.1904926,1.1124485,0.75713366
335,1.1533052,1.2095947,0.71584415
336,1.2294598,1.0802374,0.7719786
337,1.1759799,1.1179272,0.76546425
338,1.2010031,1.1498404,0.74164563
339,1.2695143,1.1119654,0.76506525
340,1.2464732,1.2067595,0.72175115
341,1.1773545,1.1578507,0.71800566
342,1.2063174,1.1052917,0.7563238
343,1.0816001,1.2539043,0.69878405
344,1.1977395,1.0985482,0.76302284
345,1.0921035,1.2032901,0.70539373
346,1.1835198,1.1466056,0.74268174
347,1.2242852,1.115696,0.749214
348,1.1914357,1.1995429,0.7006181
349,1.2739568,1.1464158,0.73803115
350,1.3074983,1.1238437,0.74085367
351,1.1781416,1.1207831,0.7405142
352,1.1806693,1.0839641,0.7736757
353,1.3087978,1.1063117,0.75362045
354,1.6020215,1.0951431,0.75255454
355,1.2633612,1.047357,0.7795291
356,1.3947377,1.0497293,0.78946143
357,1.5262932,1.0471772,0.7787371
358,1.3368293,1.0807176,0.7845191
359,1.3731005,0.99504274,0.81001693
360,1.5655535,1.0394971,0.798453
361,1.4074745,1.1488589,0.7664408
362,1.4497713,1.0392964,0.7770877
363,1.7011462,0.94364846,0.8341094
364,1.42963,0.9888267,0.830096
365,1.3458226,1.0317622,0.7842452
366,1.3360689,1.0948977,0.7594381
367,1.2500576,1.1108674,0.7651129
368,1.2675941,1.0852035,0.7510718
369,1.2701098,1.1672052,0.72658634
370,1.190256,1.0735976,0.7756407
371,1.1949315,1.0994604,0.7601527
372,1.2735612,1.1158534,0.75760406
373,1.2069427,1.1200727,0.74387264
374,1.1546898,1.108078,0.75293565
375,1.2482536,1.129895,0.75027984
376,1.227166,1.1429044,0.7443788
377,1.1572757,1.1336911,0.74774915
378,1.2692312,1.1615275,0.7108541
379,1.1335629,1.1390883,0.73731065
380,1.2681278,1.098076,0.7543826
381,1.1523128,1.1880943,0.7208639
382,1.1456999,1.1538999,0.7290575
383,1.1614604,1.1653881,0.7267828
384,1.1360844,1.1406534,0.74143124
385,1.1757296,1.151638,0.7399664
386,1.1555922,1.1827502,0.7155226
387,1.1702354,1.1615351,0.73451793
388,1.2163848,1.1152412,0.75453746
389,1.1555676,1.1932292,0.70313096
390,1.1804546,1.1752113,0.72412705
391,1.166303,1.1134468,0.7551329
392,1.1911173,1.1728513,0.73838246
393,1.2627085,1.2099398,0.7249845
394,1.0959315,1.1533275,0.7339701
395,1.1192464,1.1613226,0.724919
396,1.1004919,1.1778694,0.70519125
397,1.1197412,1.1529619,0.7306414
398,1.1612703,1.1484956,0.7350836
399,1.1170158,1.2438277,0.6799078
400,1.1192175,1.1770493,0.71321815
401,1.1797825,1.1551431,0.7298971
402,1.1321855,1.1378326,0.7419195
403,1.2314667,1.1644304,0.72511554
404,1.2521082,1.1850487,0.7253954
405,1.1346629,1.2285109,0.6880121
406,1.107771,1.1337239,0.739234
407,1.0921417,1.1520503,0.73163587
408,1.0961435,1.1484592,0.7347025
409,1.1258594,1.20082,0.7159513
410,1.10569,1.1464561,0.73597085
411,1.2147099,1.2452686,0.6760909
412,1.0990325,1.2321044,0.6849276
413,1.1170146,1.1690326,0.71288466
414,1.0647802,1.1850879,0.7091451
415,1.1083272,1.2059025,0.68590415
416,1.1325533,1.1569922,0.7289205
417,1.1054329,1.1893762,0.6965868
418,1.0870341,1.2457063,0.6748881
419,1.1105411,1.1924812,0.70033824
420,1.065407,1.1909422,0.70847225
421,1.1106611,1.191132,0.7166361
422,1.1306211,1.181632,0.7084246
423,1.1571219,1.1898167,0.7189703
424,1.0990379,1.1689551,0.71788657
425,1.1634214,1.2169536,0.6861959
426,1.1766044,1.1368271,0.7327017
427,1.0692946,1.1942259,0.70847225
428,1.1197165,1.1805432,0.70209485
429,1.0766454,1.2436469,0.6739889
430,1.0439115,1.1943009,0.69843274
431,1.0899509,1.1972928,0.6914122
432,1.0285927,1.2181778,0.682641
433,1.059732,1.2315395,0.6820753
434,1.0668695,1.2236422,0.6849871
435,1.1278265,1.1610174,0.72637194
436,1.1528234,1.2473439,0.69312716
437,1.0352443,1.241956,0.6715475
438,1.0493582,1.1942296,0.70087415
439,1.0807201,1.2186265,0.6867319
440,1.0234836,1.2686944,0.6669088
441,1.067693,1.2210753,0.67572767
442,1.0546831,1.241943,0.6687369
443,1.0865402,1.2137003,0.70369667
444,1.0894839,1.1664612,0.7220072
445,1.0962573,1.21609,0.69162655
446,1.070714,1.1942022,0.70179117
447,1.0783887,1.2287364,0.6924364
448,1.1422908,1.180447,0.7192026
449,1.1395755,1.2337512,0.6884706
450,1.0658841,1.1745226,0.71370643
451,1.0933435,1.171868,0.7162074
452,0.99525136,1.2503116,0.6705531
453,1.0513442,1.2278986,0.67419136
454,1.067654,1.1880549,0.6995463
455,1.0372684,1.2447152,0.67330414
456,1.0244151,1.1897839,0.71303356
457,1.0464238,1.2107692,0.6850229
458,1.0381241,1.2364141,0.66322887
459,1.0962255,1.2299279,0.6789194
460,1.0818801,1.1963809,0.69585437
461,1.0731928,1.2578583,0.6676412
462,1.0604362,1.2201275,0.6881967
463,1.0493128,1.2427123,0.6756026
464,1.0620303,1.2069234,0.7050841
465,1.0292605,1.268811,0.64930093
466,1.0829426,1.1657908,0.71646935
467,1.0247568,1.232771,0.6747213
468,1.0567769,1.18055,0.71318835
469,1.0855668,1.2121339,0.6868986
470,1.0084853,1.2374339,0.6799197
471,1.0595006,1.2209177,0.6808248
472,0.99728644,1.2188405,0.68303996
473,1.0304873,1.2270954,0.67432237
474,1.0782509,1.2204968,0.6815394
475,1.0508077,1.2309153,0.6794493
476,0.9926387,1.2455633,0.66422325
477,1.0915288,1.2674903,0.6577863
478,0.996975,1.2480441,0.67260146
479,1.0444248,1.2202827,0.68918514
480,1.1162074,1.2225163,0.6771151
481,1.0155176,1.230295,0.67763317
482,1.0188184,1.2460848,0.6684511
483,1.023129,1.2367239,0.667016
484,1.0128146,1.2299402,0.6853563
485,0.99762666,1.2813541,0.63508123
486,1.0026959,1.2551441,0.66086483
487,1.028832,1.2495522,0.66671234
488,1.027932,1.2148789,0.6848085
489,1.0399259,1.2245407,0.68524915
490,1.0727655,1.2422284,0.6693502
491,0.9986917,1.2547969,0.66756386
492,1.1054585,1.1870385,0.69411564
493,0.98258835,1.2818913,0.64342964
494,1.0136164,1.2484456,0.6614901
495,1.0256894,1.2240036,0.6910787
496,1.0035229,1.2459869,0.66308
497,1.085989,1.2401586,0.67708534
498,1.0910429,1.2232685,0.6912038
499,1.0146478,1.2395676,0.673453
500,1.0266379,1.2488824,0.6608351
501,0.98822737,1.2286077,0.68459415
502,1.0154216,1.2615309,0.6509146
503,1.0807141,1.2609131,0.6603349
504,0.96559334,1.2515448,0.6629728
505,1.0382206,1.2599593,0.6639315
506,1.0490421,1.2760768,0.65671444
507,1.0559525,1.2194483,0.68973297
508,1.0251491,1.2358451,0.66684926
509,1.0111161,1.2945535,0.6345155
510,0.97715354,1.2734709,0.6551722
511,1.0570836,1.2253776,0.6782167
512,1.0174512,1.2943654,0.6551424
513,1.0605844,1.2028984,0.6834687
514,1.0867099,1.220034,0.6886195
515,0.97999996,1.2671219,0.6577684
516,1.0562675,1.2350852,0.67149985
517,1.0141268,1.2408992,0.6712736
518,1.0301043,1.2392855,0.6813548
519,1.0032905,1.2436976,0.65871525
520,0.9958481,1.2336073,0.68700576
521,0.99932206,1.2564659,0.6581674
522,1.0315025,1.2512457,0.64601994
523,1.0307513,1.2145379,0.68700576
524,0.9968604,1.253634,0.67291707
525,1.0461489,1.2182593,0.68694025
526,1.0320636,1.2551293,0.6598287
527,1.0055468,1.2523232,0.6559999
528,1.0436621,1.2121911,0.69005454
529,1.0584978,1.2382233,0.6625024
530,1.0322437,1.2487136,0.671089
531,1.008007,1.2755016,0.64794326
532,0.99304914,1.2474097,0.6655988
533,1.0392238,1.2290477,0.6751203
534,1.0039887,1.2366616,0.680807
535,1.0173314,1.2574675,0.6539396
536,1.0269679,1.2746476,0.64844346
537,0.9683317,1.2587901,0.6598109
538,1.0620925,1.2198594,0.6778654
539,0.99290556,1.2647259,0.6634313
540,0.9839969,1.3079146,0.61202484
541,1.0110447,1.2156619,0.6820455
542,1.0028017,1.2521789,0.65624404
543,0.9947399,1.2516524,0.6566549
544,1.0387787,1.2342778,0.6796041
545,0.98730576,1.2667359,0.655982
546,1.0183649,1.2378523,0.660317
547,1.0199438,1.2500288,0.66022176
548,1.0091882,1.2458818,0.6656881
549,0.9789778,1.2455332,0.66539633
550,0.9878825,1.2531757,0.6584711
551,0.9911465,1.266311,0.65212345
552,1.0054204,1.2336632,0.68074745
553,0.9926158,1.2874823,0.63616496
554,1.0395107,1.2500349,0.6633539
555,1.0309544,1.2107539,0.6886552
556,0.98482084,1.2675084,0.6556307
557,0.98576343,1.2356778,0.66611683
558,0.9938811,1.2519386,0.6455614
559,0.988667,1.2661527,0.659007
560,1.0249971,1.2390316,0.6638422
561,0.98804134,1.3186349,0.6276796
562,1.0224801,1.2336127,0.67141056
563,1.0267029,1.2550452,0.66059095
564,0.9927075,1.2448194,0.66802233
565,0.9633651,1.2553374,0.658608
566,1.0094306,1.2512913,0.6639791
567,1.0008818,1.2517142,0.6649855
568,1.0195364,1.235893,0.6742152
569,1.001363,1.2530679,0.6592035
570,1.0420364,1.2397264,0.658745
571,0.9831066,1.2372011,0.67778796
572,1.0128822,1.3099695,0.6291147
573,1.0189651,1.2362053,0.6655214
574,0.98078114,1.2468863,0.67114854
575,1.0050037,1.2462472,0.65645844
576,0.9981572,1.2263333,0.6750548
577,1.0321288,1.2500503,0.6651998
578,1.0126461,1.2560649,0.6457579
579,0.9984738,1.2309527,0.67710316
580,0.9925189,1.242394,0.67263126
581,0.9541394,1.2943219,0.63553375
582,1.0498083,1.2297716,0.66600966
583,0.99249345,1.2479475,0.659007
584,0.9699778,1.2716126,0.6436083
585,1.0036058,1.2198031,0.6866842
586,1.0038354,1.2481995,0.6570658
587,1.000641,1.2368057,0.66828436
588,0.98127437,1.297467,0.62819767
589,1.0280988,1.2075067,0.6863329
590,1.0456508,1.2590069,0.6643126
591,1.0344038,1.231787,0.6699159
592,0.98656875,1.2390522,0.662026
593,0.99752086,1.2465929,0.67429256
594,1.0300709,1.2489681,0.66530704
595,0.9988285,1.2552811,0.65888196
596,1.0398954,1.2270958,0.6773592
597,0.9978292,1.2392005,0.6681593
598,0.9839103,1.2596393,0.6552675
599,1.0204619,1.2199234,0.6760611
600,1.0026557,1.2478107,0.65334415
601,1.0102289,1.2576609,0.663735
602,1.0090935,1.2517061,0.66047186
603,1.0540484,1.2094414,0.6838915
604,0.9881388,1.284153,0.641548
605,1.0436828,1.2265923,0.6739889
606,0.99042857,1.2551926,0.65438026
607,0.98883814,1.2582606,0.6579411
608,1.0063944,1.2168616,0.6804556
609,0.9760274,1.2677655,0.6622404
610,0.9960413,1.2601434,0.6573278
611,0.9720594,1.253922,0.6536359
612,1.0206556,1.2237564,0.67771053
613,1.0004684,1.2322917,0.6765375
614,0.98956245,1.2423114,0.66649795
615,0.98756385,1.275053,0.6455793
616,1.0532156,1.2029192,0.6957472
617,0.99890953,1.2489321,0.6651998
618,1.0123626,1.244271,0.6525343
619,0.9808282,1.2603083,0.65435046
620,1.0177084,1.2245165,0.67788327
621,1.023886,1.2402402,0.66718274
622,1.0009459,1.2482938,0.6552675
623,1.0366646,1.221254,0.6753942
624,0.99773896,1.2380561,0.6709223
625,1.0041574,1.234689,0.67374474
626,1.0244288,1.224558,0.666105
627,1.0114996,1.2290466,0.67640054
628,1.024594,1.2486198,0.6521413
629,1.0375993,1.1999017,0.6885897
630,1.0407517,1.2562509,0.6600133
631,0.99842787,1.2442719,0.6622404
632,1.0253191,1.2166492,0.67141056
633,1.0076568,1.2295741,0.6663908
634,1.0245402,1.243971,0.6640982
635,1.0367473,1.2307758,0.6756086
636,1.0023931,1.2541409,0.6683915
637,1.0293076,1.2136414,0.681331
638,1.033552,1.2110536,0.68071765
639,1.0247289,1.2074672,0.6934606
640,1.0370997,1.2485207,0.6682784
641,1.00255,1.2589709,0.65728015
642,1.0352473,1.2534119,0.6518019
643,1.0056759,1.2366285,0.67131525
644,1.0595794,1.2237114,0.6667242
645,1.0303471,1.2587087,0.66025746
646,1.0202702,1.2385622,0.67119616
647,1.0599201,1.1872349,0.6988436
648,1.0839581,1.208216,0.68074745
649,1.1368215,1.1959379,0.69614613
650,1.0773712,1.2588657,0.6523676
651,1.0575212,1.1909654,0.70586413
652,1.0333134,1.2278476,0.67293495
653,1.0052007,1.2324702,0.67517984
654,1.0181228,1.2237959,0.6797709
655,0.99761695,1.2246469,0.67171425
656,1.0279266,1.2344835,0.66509265
657,1.009873,1.2316252,0.6758944
658,1.0162483,1.2347981,0.6748583
659,1.0284926,1.2167702,0.6813905
660,1.0155983,1.2327946,0.66938
661,1.0251502,1.2057288,0.6837069
662,1.0483699,1.2239211,0.66870713
663,1.0183827,1.2355363,0.68362945
664,1.0149363,1.2319655,0.67185116
665,1.0260009,1.2511295,0.6648306
666,1.0358354,1.2100824,0.683296
667,1.0305141,1.2282451,0.6782048
668,1.0266896,1.2168382,0.67046374
669,1.087692,1.2105659,0.69737875
670,1.063257,1.2013161,0.6889708
671,1.032084,1.2187208,0.67800236
672,1.0522432,1.2213523,0.6830816
673,1.0265037,1.2207099,0.67896104
674,1.0652517,1.1993573,0.6896734
675,1.0744841,1.1919785,0.69315094
676,1.0257615,1.230782,0.66858804
677,1.0917453,1.2048646,0.68663657
678,1.0321282,1.2391534,0.6580424
679,1.038301,1.2070884,0.69080484
680,1.0427319,1.2102177,0.6902094
681,1.0535098,1.2045358,0.6927699
682,1.0392735,1.2117857,0.68804187
683,1.0638194,1.2005095,0.69097155
684,1.0183439,1.2183689,0.68346274
685,1.0613667,1.207716,0.6898283
686,1.0447825,1.2250003,0.6722918
687,1.030967,1.2220927,0.67522746
688,1.0435692,1.1984028,0.68817884
689,1.0302061,1.2402111,0.6641161
690,1.0376751,1.2051667,0.6845346
691,1.0900121,1.184343,0.7028273
692,1.0307821,1.2427833,0.6645448
693,1.0323582,1.2216907,0.68285537
694,1.0755529,1.1966132,0.68245643
695,1.0555205,1.1909484,0.69721204
696,1.0439389,1.2138435,0.67648983
697,1.0106548,1.2247454,0.6793302
698,1.0404233,1.2142439,0.67936
699,1.0146451,1.2232285,0.676734
700,1.0462617,1.2079346,0.6935201
701,1.0450157,1.2267642,0.67459625
702,1.0316855,1.2226557,0.6730838
703,1.0635449,1.2349788,0.6575719
704,1.042965,1.2143734,0.6855707
705,1.0543784,1.1873003,0.7041432
706,1.0640445,1.1976993,0.6896734
707,1.010997,1.2174838,0.68175375
708,1.0291363,1.215036,0.68242663
709,1.0279049,1.2289377,0.6720477
710,1.0864922,1.1908655,0.6898402
711,1.0252662,1.2533852,0.6583639
712,1.091655,1.1736152,0.713629
713,1.0599217,1.237696,0.6728635
714,1.0829091,1.1890466,0.6973192
715,1.0703733,1.1927764,0.69026893
716,1.037128,1.1995187,0.6903285
717,1.0801771,1.1939343,0.6870653
718,1.0691899,1.2428951,0.660317
719,1.0657102,1.1851578,0.70575696
720,1.1119777,1.2125943,0.68627334
721,1.1282403,1.2052327,0.68648773
722,1.0371956,1.1996262,0.6908644
723,1.0337628,1.1935483,0.69737875
724,1.0503728,1.2019162,0.6922518
725,1.068534,1.1949438,0.69496715
726,1.1427737,1.1982709,0.6919779
727,1.0676367,1.19823,0.69740856
728,1.0747688,1.198442,0.68006265
729,1.0340704,1.2115036,0.6873988
730,1.0537213,1.2018998,0.6874166
731,1.0415758,1.2054716,0.69200766
732,1.0672082,1.1986581,0.6800031
733,1.0550138,1.1901037,0.6893221
734,1.0437052,1.1928737,0.70096344
735,1.064477,1.1847324,0.7041254
736,1.060882,1.2204093,0.67705554
737,1.1033305,1.1870868,0.6974264
738,1.0530448,1.203368,0.69211483
739,1.0368483,1.2086868,0.6956698
740,1.07207,1.1964873,0.69167423
741,1.035802,1.226779,0.6690287
742,1.0499265,1.2036911,0.6908227
743,1.0323858,1.2047769,0.68595177
744,1.0675399,1.2120631,0.6789789
745,1.0679668,1.1690961,0.7078292
746,1.070278,1.1967971,0.68934
747,1.0536822,1.2261856,0.67203575
748,1.1913605,1.1774294,0.7001715
749,1.1123458,1.1911302,0.68489784
750,1.0888121,1.1878898,0.6987543
751,1.0751292,1.1783161,0.706019
752,1.0669487,1.1960728,0.68770844
753,1.056927,1.1892779,0.6946039
754,1.0636277,1.1929767,0.6896437
755,1.0620282,1.2110116,0.6787645
756,1.093308,1.1751708,0.7114615
757,1.0807532,1.1739314,0.70519125
758,1.0702516,1.1976956,0.6983553
759,1.0667168,1.1969322,0.6976527
760,1.0849686,1.2023333,0.6851896
761,1.0765043,1.2046175,0.68851227
762,1.0789231,1.2002915,0.6814799
763,1.0613079,1.1937215,0.6952113
764,1.1058794,1.1935037,0.69199574
765,1.0849074,1.1942991,0.6909418
766,1.0890355,1.17888,0.70535797
767,1.0802004,1.1875383,0.6922697
768,1.0635955,1.1842308,0.69596153
769,1.0701866,1.1865865,0.6952768
770,1.0996552,1.178804,0.7026903
771,1.0729828,1.1683247,0.71091366
772,1.0898726,1.1972933,0.68752384
773,1.1184512,1.1880424,0.693276
774,1.1038073,1.1613058,0.7129442
775,1.0883448,1.1819974,0.6921744
776,1.0736237,1.1969707,0.68921494
777,1.1185371,1.1794811,0.70030844
778,1.0898834,1.1823372,0.7004335
779,1.069829,1.1831751,0.6976527
780,1.074164,1.1731185,0.7138136
781,1.0806539,1.1873331,0.70030844
782,1.096802,1.1874231,0.6888219
783,1.0937488,1.1997962,0.68665445
784,1.0758866,1.1807932,0.7047328
785,1.0781229,1.197332,0.688423
786,1.0793489,1.1779413,0.7025057
787,1.0881058,1.1724968,0.7001596
788,1.0978397,1.1714079,0.70851994
789,1.0661058,1.1997118,0.6845763
790,1.0832235,1.2013638,0.68541586
791,1.1008053,1.1832243,0.69446695
792,1.0664135,1.1928664,0.6954256
793,1.1116505,1.1786172,0.69927233
794,1.0892804,1.1677343,0.7063048
795,1.0916864,1.2047155,0.6911085
796,1.1111434,1.172156,0.7125155
797,1.0911814,1.1990005,0.6846418
798,1.1017069,1.175543,0.70380384
799,1.0943907,1.1634829,0.7086092
800,1.1077472,1.1646684,0.7038336
801,1.0907221,1.1700581,0.7110506
802,1.1128194,1.1718606,0.6990282
803,1.0966136,1.1840875,0.6921327
804,1.1043763,1.1789454,0.704703
805,1.0885167,1.1906319,0.6870951
806,1.0900499,1.1744044,0.70305353
807,1.0986226,1.1857599,0.69798017
808,1.0942215,1.1716295,0.7070372
809,1.1414773,1.1617815,0.71669567
810,1.1088078,1.200636,0.6859816
811,1.1014341,1.1574697,0.70263076
812,1.0993545,1.1641626,0.70960367
813,1.1160382,1.173196,0.6960985
814,1.1321354,1.2029778,0.68181926
815,1.1414006,1.1685413,0.70697767
816,1.1194289,1.1807567,0.70159465
817,1.1145043,1.1580632,0.71596324
818,1.1108205,1.190599,0.6941454
819,1.1175823,1.1619594,0.707192
820,1.1039997,1.2123686,0.677389
821,1.1148973,1.171289,0.7010885
822,1.1217171,1.1683022,0.7080912
823,1.1031976,1.1619874,0.71527845
824,1.1209141,1.1487546,0.718619
825,1.124551,1.1512563,0.7149569
826,1.1101332,1.1701028,0.7050841
827,1.1120664,1.1767968,0.7033751
828,1.1034026,1.1597773,0.71262264
829,1.1187935,1.1605698,0.7041075
830,1.1182351,1.1602302,0.71507597
831,1.1036549,1.1828551,0.6922518
832,1.0985268,1.1682938,0.7056974
833,1.1070428,1.1731509,0.69603896
834,1.1086403,1.1418736,0.72884315
835,1.1199611,1.1631368,0.6989091
836,1.1374825,1.1494,0.7130812
837,1.1084896,1.1677511,0.7069598
838,1.1439145,1.1516192,0.71912515
839,1.1113654,1.1706605,0.7065787
840,1.1353695,1.1651258,0.71124715
841,1.1144085,1.1597623,0.70514363
842,1.1127082,1.1587273,0.7157369
843,1.1313283,1.1648446,0.7143614
844,1.1531174,1.1481521,0.71757096
845,1.1419042,1.1431736,0.7189703
846,1.1486228,1.1492871,0.71169376
847,1.1383262,1.1487993,0.71565956
848,1.1469699,1.1601361,0.71321815
849,1.1286508,1.1606134,0.71106255
850,1.1584194,1.1401006,0.7209532
851,1.1224552,1.1735688,0.70358944
852,1.1483779,1.1283805,0.73277915
853,1.1621685,1.1421345,0.7133253
854,1.1399906,1.1678871,0.69791466
855,1.1337403,1.1522003,0.7142721
856,1.1402133,1.1625323,0.7134444
857,1.1363262,1.1555175,0.70603085
858,1.1265658,1.1730525,0.70432186
859,1.1705086,1.1296742,0.7278666
860,1.1458323,1.1522392,0.70838296
861,1.1330329,1.1485854,0.7156774
862,1.136671,1.1568812,0.7099371
863,1.1303711,1.1358877,0.7239901
864,1.1471317,1.1537087,0.7097525
865,1.1485362,1.165253,0.7044767
866,1.1147088,1.1523049,0.7171244
867,1.1648818,1.1428521,0.7197325
868,1.1492034,1.1539137,0.7044291
869,1.1443163,1.1451039,0.7198873
870,1.136214,1.1455241,0.71688026
871,1.1304013,1.1563718,0.7092345
872,1.1506836,1.1485568,0.71837485
873,1.1554445,1.148757,0.71403986
874,1.1614355,1.1282521,0.72898006
875,1.1587859,1.1317525,0.72469276
876,1.1693362,1.1346139,0.7203399
877,1.1958942,1.1182569,0.7331007
878,1.1956321,1.141738,0.72327554
879,1.146011,1.1371925,0.728599
880,1.1865445,1.1493318,0.7175829
881,1.1579751,1.1474475,0.7141173
882,1.193478,1.1213245,0.7215487
883,1.1688106,1.1218677,0.73681045
884,1.1556166,1.1378556,0.7261576
885,1.1732645,1.1183019,0.7308558
886,1.177499,1.1352237,0.72100085
887,1.148487,1.1596993,0.70644176
888,1.1872911,1.1197096,0.7256693
889,1.1564484,1.1577661,0.7073885
890,1.1691109,1.1339012,0.7240675
891,1.1780453,1.1353344,0.7214117
892,1.1679804,1.1211536,0.73419636
893,1.1892732,1.1158848,0.73351157
894,1.1752892,1.1468407,0.7138136
895,1.1863593,1.1341124,0.7222632
896,1.3394713,1.1319993,0.73033774
897,1.2558563,1.1205323,0.72949815
898,1.2147831,1.1057862,0.738055
899,1.1839712,1.1361151,0.717827
900,1.1735944,1.1119752,0.743962
901,1.1840168,1.1319168,0.720328
902,1.1823264,1.1123137,0.7384242
903,1.1860447,1.1415731,0.71091366
904,1.184025,1.1089276,0.7364115
905,1.17939,1.1215008,0.7226324
906,1.1844528,1.1320875,0.722162
907,1.2048159,1.1137735,0.7290575
908,1.1965525,1.1134434,0.72832507
909,1.1926919,1.1177461,0.73695934
910,1.1986928,1.1241982,0.7228468
911,1.2259867,1.1006088,0.73695934
912,1.2275103,1.1120492,0.7398295
913,1.1874475,1.1154447,0.73569095
914,1.2070491,1.1131706,0.7344881
915,1.1994147,1.1236401,0.7299269
916,1.2146761,1.1128123,0.73766196
917,1.2291193,1.0981086,0.7405619
918,1.2063645,1.1220297,0.7315287
919,1.1933837,1.1412858,0.71109825
920,1.1971363,1.1213673,0.7323504
921,1.2244314,1.1082397,0.7357267
922,1.2176102,1.1079735,0.73163587
923,1.2271756,1.1061913,0.73364854
924,1.2293257,1.1030319,0.7383944
925,1.2245749,1.0922303,0.7431402
926,1.2211081,1.1141574,0.73465484
927,1.2102044,1.1064987,0.74077624
928,1.2596396,1.0941526,0.74324745
929,1.2429577,1.1013792,0.7392638
930,1.223143,1.1102421,0.7313619
931,1.2411201,1.1024915,0.7393412
932,1.2481581,1.0996208,0.7398116
933,1.2308573,1.1077029,0.7340475
934,1.2198942,1.1034285,0.7332853
935,1.2345576,1.1052188,0.73391056
936,1.2219764,1.1193564,0.7250262
937,1.2334756,1.1026013,0.74062145
938,1.2409858,1.0968895,0.74075836
939,1.2525074,1.0987632,0.74283653
940,1.2521362,1.1073357,0.73102254
941,1.2406907,1.1040499,0.74690956
942,1.2307439,1.1022367,0.74821955
943,1.2241489,1.1017444,0.74216366
944,1.2386973,1.1191918,0.72619927
945,1.2622234,1.1021812,0.74353325
946,1.2450501,1.1128852,0.7285513
947,1.2687793,1.1008587,0.7372035
948,1.2230078,1.112381,0.732017
949,1.232878,1.089848,0.7453375
950,1.2619593,1.1234168,0.7206019
951,1.2331389,1.0885937,0.74661773
952,1.2650771,1.0739833,0.75122666
953,1.2296634,1.1116434,0.7264613
954,1.2203895,1.0996047,0.74324745
955,1.2219118,1.0960016,0.7446646
956,1.2491761,1.0919521,0.73560166
957,1.2565193,1.0993812,0.74200886
958,1.2682995,1.0902698,0.7393412
959,1.2756877,1.0898525,0.74997616
960,1.2465413,1.1132727,0.73188
961,1.2631736,1.0893054,0.74810046
962,1.2648765,1.0881695,0.7389601
963,1.263348,1.0937511,0.74463487
964,1.2760551,1.0870057,0.7474276
965,1.2598883,1.0933766,0.74350345
966,1.2791606,1.0661371,0.7571456
967,1.2512915,1.099336,0.73906726
968,1.295257,1.0518702,0.76581556
969,1.263962,1.0984191,0.7444086
970,1.2652285,1.0921928,0.75066096
971,1.2904693,1.07203,0.7479754
972,1.3061063,1.0618685,0.75683
973,1.2803162,1.0680016,0.7629454
974,1.2591311,1.090579,0.75114924
975,1.2768639,1.0916263,0.7466654
976,1.279368,1.0705986,0.74735016
977,1.3227267,1.0664126,0.7615401
978,1.3100178,1.0794239,0.7460223
979,1.289334,1.0928773,0.74124664
980,1.280849,1.1041616,0.7396925
981,1.2816803,1.0651811,0.75397176
982,1.2854666,1.0678912,0.7649581
983,1.2901803,1.0749756,0.7503573
984,1.2976503,1.0672812,0.7476717
985,1.2814065,1.0834246,0.7408358
986,1.272976,1.0842541,0.74651057
987,1.2996317,1.0646806,0.75461483
988,1.3185972,1.0649122,0.75176257
989,1.309375,1.062991,0.7534537
990,1.3015134,1.0746336,0.74982136
991,1.3209037,1.0658289,0.74783844
992,1.322076,1.060777,0.7577113
993,1.3102655,1.061595,0.7551329
994,1.3339226,1.0521395,0.7669291
995,1.3055162,1.0753993,0.7458377
996,1.3318163,1.0658224,0.75659776
997,1.3272734,1.0605452,0.7540968
998,1.2810328,1.0748615,0.7497797
999,1.3395329,1.0670084,0.75659776
1000,1.3375149,1.0536145,0.75519246
1001,1.3242931,1.0596775,0.7580626
1002,1.292627,1.0616468,0.7569193
1003,1.3111436,1.0582324,0.7571456
1004,1.3075286,1.0662605,0.7545672
1005,1.3028975,1.0696397,0.7544779
1006,1.3038083,1.0776327,0.74875546
1007,1.3312498,1.0427103,0.76825696
1008,1.3159935,1.0657043,0.75084555
1009,1.3381255,1.0582451,0.76315975
1010,1.3435569,1.0645996,0.75499594
1011,1.3321823,1.0506743,0.7672328
1012,1.3419542,1.0514402,0.7651427
1013,1.3199136,1.056893,0.76245713
1014,1.3243433,1.0673611,0.75716347
1015,1.334808,1.0685135,0.75239974
1016,1.3365513,1.0451978,0.75795543
1017,1.3421421,1.0332435,0.771794
1018,1.3437785,1.0593376,0.758396
1019,1.3451524,1.0441414,0.76938236
1020,1.3645632,1.0744056,0.7502203
1021,1.3539671,1.0616735,0.75435287
1022,1.3375337,1.063909,0.75583553
1023,1.3489625,1.0721886,0.7529654
1024,1.3435037,1.0547436,0.7608256
